<?xml version="1.0" encoding="utf-8" ?>
<Patch>

	<Operation Class="PatchOperationConditional">
	<success>Always</success>
		<xpath>Defs/ThingDef[@Name = "HealrootBase"]/plant/immatureGraphicPath</xpath>
			<match Class="PatchOperationReplace">
				<xpath>Defs/ThingDef[@Name = "HealrootBase"]/plant/immatureGraphicPath</xpath>
				<value>
					<immatureGraphicPath>Things/Immature/Healroot</immatureGraphicPath>
				</value>
			</match>
			<nomatch Class="PatchOperationAdd">
				<xpath>Defs/ThingDef[@Name = "HealrootBase"]/plant</xpath>
				<value>
					<immatureGraphicPath>Things/Immature/Healroot</immatureGraphicPath>
				</value>
			</nomatch>
	</Operation>

	<Operation Class="PatchOperationReplace">
		<xpath>*/ThingDef[@Name = "HealrootBase"]/graphicData</xpath>
		<value>
			<graphicData>
				<texPath>Things/Plants/Healroot</texPath>
			</graphicData>
		</value>
	</Operation>
	
	<Operation Class="PatchOperationAdd">
		<xpath>*/ThingDef[@Name = "HealrootBase"]</xpath>
		<value>
			<comps>
			  <li Class="CompProperties_Glower">
				<glowRadius>3</glowRadius>
				<glowColor>(75,150,150,0)</glowColor>
			  </li>
			</comps>
		</value>
	</Operation>
	
	<Operation Class="PatchOperationAdd">
			<xpath>*/ThingDef[defName = "Plant_Strawberry"]</xpath>
			<value>
				<comps>
				<li Class="CompProperties_Glower">
					<glowRadius>3</glowRadius>
					<glowColor>(200, 100, 100,0)</glowColor>
				</li>
				</comps>
			</value>
	</Operation>	
	
	<Operation Class="PatchOperationAdd">
		<xpath>*/ThingDef[defName = "Plant_Berry"]</xpath>
		<value>
			<comps>
			<li Class="CompProperties_Glower">
				<glowRadius>3</glowRadius>
				<glowColor>(100,50,255,0)</glowColor>
			</li>
			</comps>
		</value>
	</Operation>
	
	<Operation Class="PatchOperationAdd">
		<xpath>*/ThingDef[defName = "Plant_Ambrosia"]</xpath>
		<value>
			<comps>
			<li Class="CompProperties_Glower">
				<glowRadius>3</glowRadius>
				<glowColor>(205,188,82,0)</glowColor>
			</li>
			</comps>
		</value>
	</Operation>
	
	<mods>
		<li>Alpha Animals</li>
	</mods>
		
	<Operation Class="PatchOperationAdd">
		<xpath>*/ThingDef[defName = "AA_Heat_Ambrosia"]</xpath>
		<value>
			<comps>
			<li Class="CompProperties_Glower">
				<glowRadius>3</glowRadius>
				<glowColor>(205,188,82,0)</glowColor>
			</li>
			</comps>
		</value>
	</Operation>	
		
</Patch>

